"Employment Table 2. Employment Status and Sector of Employment, by Select Characteristics: United States",,,,,,,,,,,,,,,,,,,
"Source: U.S. Census Bureau Household Trends and Outlook Pulse Survey, Topical 2607.",,,,,,,,,,,,,,,,,,,
Note: These data are experimental. Users should take caution using estimates based on subpopulations of the data – sample sizes may be small and the standard errors may be large.**,,,,,,,,,,,,,,,,,,,
Total Population 18 Years and Older,,,,,,,,,,,,,,,,,,,
Select characteristics,Total,Employed in the last 7 days,Employed in the last 7 days,Employed in the last 7 days,Employed in the last 7 days,Employed in the last 7 days,Employed in the last 7 days,Employed in the last 7 days,Employed in the last 7 days,,,,,,,,,,
,,Total,Yes,Yes,Yes,Yes,Yes,No,Did not report,,,,,,,,,,
,,,Government,Private company,Nonprofit organization,Self-employed or family business,Did not report,,,,,,,,,,,,
,,,,,,,,,,,,,,,,,,,
Total,"261,534,494","154,342,209","21,422,067","92,336,560","15,692,805","21,534,712","3,356,064","103,224,806","3,967,479",,,,,,,,,,
Age ,,,,,,,,,,,,,,,,,,,
    18 - 34,"74,040,588","51,357,981","6,338,596","33,654,848","5,457,958","4,726,929","1,179,649","21,379,080","1,303,527",,,,,,,,,,
    35 - 49,"64,578,630","51,286,243","7,394,891","30,700,603","5,380,069","7,027,223","783,456","12,159,616","1,132,771",,,,,,,,,,
    50 - 64,"60,081,266","40,451,416","6,792,942","22,686,237","3,559,576","6,529,747","882,915","19,041,705","588,145",,,,,,,,,,
    65 and above,"62,834,010","11,246,569","895,638","5,294,873","1,295,202","3,250,813","510,044","50,644,405","943,036",,,,,,,,,,
Sex ,,,,,,,,,,,,,,,,,,,
    Male,"126,182,658","80,871,706","11,594,822","50,415,774","4,731,875","13,051,208","1,078,027","43,463,897","1,847,055",,,,,,,,,,
    Female,"135,351,836","73,470,502","9,827,245","41,920,786","10,960,930","8,483,504","2,278,037","59,760,910","2,120,424",,,,,,,,,,
Sexual orientation ,,,,,,,,,,,,,,,,,,,
"    Straight, that is not gay or lesbian","228,620,663","136,339,697","18,540,578","82,549,380","12,649,178","19,600,619","2,999,942","88,905,452","3,375,515",,,,,,,,,,
"    Gay or lesbian, bisexual, or uses a different term","26,361,585","14,948,605","2,545,199","8,436,296","2,456,333","1,345,914","164,863","11,209,616","203,364",,,,,,,,,,
    Did not report,"6,552,246","3,053,907","336,291","1,350,884","587,293","588,179","191,260","3,109,739","388,600",,,,,,,,,,
Race and ethnicity ,,,,,,,,,,,,,,,,,,,
    Hispanic or Latino (may be of any race),"49,316,111","28,846,664","4,466,671","16,245,136","1,953,448","5,513,216","668,193","19,594,155","875,292",,,,,,,,,,
"    White alone, not Hispanic","153,746,765","93,063,333","11,887,038","56,803,750","10,030,963","12,381,025","1,960,556","58,740,433","1,942,999",,,,,,,,,,
"    Black alone, not Hispanic","30,517,884","14,439,810","3,032,875","8,229,765","1,977,918","975,324","223,929","15,518,912","559,161",,,,,,,,,,
"    Asian alone, not Hispanic","20,172,670","13,528,836","1,498,015","8,233,789","1,388,789","2,017,648","390,595","6,251,314","392,520",,,,,,,,,,
"    Two or more races + Other races, not Hispanic","7,781,064","4,463,565","537,468","2,824,121","341,687","647,499","112,790","3,119,992","197,507",,,,,,,,,,
Education ,,,,,,,,,,,,,,,,,,,
    High school graduate or less,"105,894,822","51,858,168","4,955,321","31,831,999","2,731,909","10,407,862","1,931,077","51,717,298","2,319,356",,,,,,,,,,
    Some college/associate's degree,"58,760,346","34,454,796","4,627,729","22,871,150","2,750,764","3,728,416","476,738","23,415,046","890,503",,,,,,,,,,
    Bachelor's degree or higher,"96,879,326","68,029,245","11,839,017","37,633,412","10,210,132","7,398,433","948,250","28,092,462","757,620",,,,,,,,,,
Marital status ,,,,,,,,,,,,,,,,,,,
    Married,"151,256,450","92,347,270","12,562,496","54,875,308","9,569,547","13,618,649","1,721,270","57,148,328","1,760,852",,,,,,,,,,
"    Widowed, divorced, separated","41,318,165","17,697,084","3,038,633","9,524,827","1,399,089","3,324,860","409,675","22,831,913","789,169",,,,,,,,,,
    Never married,"67,022,279","43,490,909","5,737,791","27,522,989","4,693,295","4,430,794","1,106,040","22,499,033","1,032,337",,,,,,,,,,
    Did not report,"1,937,600","806,946","83,147","413,437","30,874","160,408","119,079","745,533","385,121",,,,,,,,,,
Household size ,,,,,,,,,,,,,,,,,,,
    1 person in the household,"30,445,862","13,200,614","1,957,065","8,125,372","1,241,677","1,751,119","125,380","16,995,325","249,923",,,,,,,,,,
    2 people in the household,"93,175,586","48,854,556","5,715,497","30,112,970","5,935,352","5,758,886","1,331,852","42,503,537","1,817,493",,,,,,,,,,
    3 people in the household,"47,756,617","30,935,138","5,592,340","17,683,758","3,632,130","3,162,056","864,853","16,193,650","627,828",,,,,,,,,,
    4 people in the household,"43,637,372","32,404,492","5,238,300","18,960,528","3,190,870","4,190,429","824,365","10,802,652","430,228",,,,,,,,,,
    5 or more people in the household,"46,519,057","28,947,409","2,918,865","17,453,932","1,692,775","6,672,222","209,615","16,729,642","842,007",,,,,,,,,,
Presence of children under 18 years old ,,,,,,,,,,,,,,,,,,,
    Children in household,"88,289,738","61,440,336","8,317,629","36,273,922","6,021,015","9,953,536","874,234","25,574,455","1,274,947",,,,,,,,,,
    No children,"173,244,756","92,901,872","13,104,438","56,062,638","9,671,790","11,581,176","2,481,831","77,650,352","2,692,532",,,,,,,,,,
Household income ,,,,,,,,,,,,,,,,,,,
"    Less than $35,000","38,889,164","14,015,531","867,258","6,667,309","1,802,243","3,596,807","1,081,914","24,444,694","428,939",,,,,,,,,,
"    $35,000 to $74,999","59,640,818","33,007,013","4,960,837","20,767,940","2,845,193","4,170,734","262,309","25,333,685","1,300,121",,,,,,,,,,
"    $75,000 to $99,999","31,787,579","20,943,449","2,939,560","12,026,343","1,441,745","4,425,672","110,129","10,731,575","112,555",,,,,,,,,,
"    $100,000 to $149,999","38,944,777","26,875,838","4,187,983","15,173,713","3,223,503","3,708,732","581,907","11,783,254","285,685",,,,,,,,,,
"    $150,000 and over","51,445,375","40,819,427","6,244,843","25,262,279","4,713,537","4,212,875","385,893","10,237,775","388,172",,,,,,,,,,
    Did not report,"40,826,780","18,680,950","2,221,585","12,438,977","1,666,584","1,419,893","933,912","20,693,823","1,452,007",,,,,,,,,,
U.S. Region ,,,,,,,,,,,,,,,,,,,
    Northeast,"44,981,141","27,738,592","3,288,851","17,335,656","3,664,810","2,755,555","693,719","16,544,412","698,137",,,,,,,,,,
    Midwest,"53,116,421","32,786,529","3,359,527","20,228,385","3,443,364","4,650,014","1,105,239","19,765,420","564,473",,,,,,,,,,
    South,"101,762,419","57,130,898","8,058,153","33,797,778","5,717,768","9,078,026","479,173","43,000,946","1,630,574",,,,,,,,,,
    West,"61,674,513","36,686,190","6,715,535","20,974,741","2,866,863","5,051,117","1,077,934","23,914,029","1,074,294",,,,,,,,,,
U.S. Top 10 Metropolitan Statisical Area ,,,,,,,,,,,,,,,,,,,
"    New York-Newark-Jersey City, NY-NJ Metro Area","15,644,092","9,481,297","1,170,354","5,930,871","1,076,068","991,992","312,012","5,844,128","318,667",,,,,,,,,,
"    Los Angeles-Long Beach-Anaheim, CA Metro Area","10,112,379","5,715,443","759,262","3,273,920","492,088","905,390","284,783","4,172,792","224,144",,,,,,,,,,
"    Chicago-Naperville-Elgin, IL-IN-WI Metro Area","7,338,126","4,448,825","480,858","2,893,991","431,192","584,189","58,596","2,771,145","118,156",,,,,,,,,,
"    Dallas-Fort Worth-Arlington, TX Metro Area","6,352,730","4,113,246","336,341","2,869,448","311,999","525,819","69,639","2,148,116","91,368",,,,,,,,,,
"    Houston-Pasadena-The Woodlands, TX Metro Area","5,852,626","3,561,371","499,019","2,167,345","211,316","602,515","81,176","2,236,792","54,463",,,,,,,,,,
"    Atlanta-Sandy Springs-Roswell, GA Metro Area","4,950,488","3,172,349","473,499","1,865,929","411,206","354,651","67,063","1,767,420","10,719",,,,,,,,,,
"    Washington-Arlington-Alexandria, DC-VA-MD-WV Metro Area","4,963,094","3,184,187","735,152","1,671,463","446,841","303,721","27,010","1,669,442","109,465",,,,,,,,,,
"    Miami-Fort Lauderdale-West Palm Beach, FL Metro Area","5,075,717","2,687,299","323,888","1,566,917","187,632","587,553","21,310","2,307,930","80,488",,,,,,,,,,
"    Philadelphia-Camden-Wilmington, PA-NJ-DE-MD Metro Area","4,870,591","2,992,289","381,869","1,946,564","291,400","310,916","61,540","1,802,983","75,320",,,,,,,,,,
"    Phoenix–Mesa–Chandler, AZ","3,995,310","2,312,927","372,311","1,449,680","171,993","260,861","58,082","1,623,400","58,983",,,,,,,,,,
    Does not live in a Top 10 MSA,"192,379,341","112,672,976","15,889,515","66,700,432","11,661,069","16,107,107","2,314,854","76,880,659","2,825,706",,,,,,,,,,
** The Census Bureau considers estimated coefficients of variation (standard error divided by the estimate times 100) over 30 percent to indicate potentially serious data quality issues related to sampling error.,,,,,,,,,,,,,,,,,,,
,,,,,,,,,,,,,,,,,,,
,,,,,,,,,,,,,,,,,,,
,,,,,,,,,,,,,,,,,,,
,,,,,,,,,,,,,,,,,,,
,,,,,,,,,,,,,,,,,,,
,,,,,,,,,,,,,,,,,,,
,,,,,,,,,,,,,,,,,,,
,,,,,,,,,,,,,,,,,,,
,,,,,,,,,,,,,,,,,,,
,,,,,,,,,,,,,,,,,,,
,,,,,,,,,,,,,,,,,,,
,,,,,,,,,,,,,,,,,,,
,,,,,,,,,,,,,,,,,,,
,,,,,,,,,,,,,,,,,,,
,,,,,,,,,,,,,,,,,,,
,,,,,,,,,,,,,,,,,,,
,,,,,,,,,,,,,,,,,,,
,,,,,,,,,,,,,,,,,,,
,,,,,,,,,,,,,,,,,,,
,,,,,,,,,,,,,,,,,,,
,,,,,,,,,,,,,,,,,,,
,,,,,,,,,,,,,,,,,,,
,,,,,,,,,,,,,,,,,,,
,,,,,,,,,,,,,,,,,,,
,,,,,,,,,,,,,,,,,,,
,,,,,,,,,,,,,,,,,,,
,,,,,,,,,,,,,,,,,,,
,,,,,,,,,,,,,,,,,,,
,,,,,,,,,,,,,,,,,,,
,,,,,,,,,,,,,,,,,,,
,,,,,,,,,,,,,,,,,,,
,,,,,,,,,,,,,,,,,,,
,,,,,,,,,,,,,,,,,,,
,,,,,,,,,,,,,,,,,,,
,,,,,,,,,,,,,,,,,,,
,,,,,,,,,,,,,,,,,,,
,,,,,,,,,,,,,,,,,,,
,,,,,,,,,,,,,,,,,,,
,,,,,,,,,,,,,,,,,,,
,,,,,,,,,,,,,,,,,,,
,,,,,,,,,,,,,,,,,,,
,,,,,,,,,,,,,,,,,,,
,,,,,,,,,,,,,,,,,,,
,,,,,,,,,,,,,,,,,,,
,,,,,,,,,,,,,,,,,,,
,,,,,,,,,,,,,,,,,,,
,,,,,,,,,,,,,,,,,,,
,,,,,,,,,,,,,,,,,,,
,,,,,,,,,,,,,,,,,,,
