"","Player.Name","Round","Round.1","Round.2","Round.3","Round.4","Round.5","Round.6","starting_elo"
"1","GARY HUA",1798,1805,1813,1821,1830,1823,1818,1818
"2","DAKSHESH DARURI",1556,1557,1548,1568,1586,1602,1620,1620
"3","ADITYA BAJAJ",1378,1381,1409,1432,1459,1484,1508,1508
"4","PATRICK H SCHILLING",1720,1711,1720,1730,1727,1736,1739,1739
"5","HANSHI ZUO",1658,1659,1659,1659,1662,1676,1690,1690
"6","HANSEN SONG",1691,1687,1672,1679,1668,1679,1690,1690
"7","GARY DEE SWATHELL",1650,1650,1667,1685,1674,1680,1658,1658
"8","EZEKIEL HOUGHTON",1647,1654,1636,1611,1617,1628,1641,1641
"9","STEFANO LEE",1439,1430,1431,1456,1477,1468,1490,1490
"10","ANVIT RAO",1375,1367,1375,1396,1407,1435,1458,1458
"11","CAMERON WILLIAM MC LEMAN",1701,1702,1717,1698,1671,1677,1689,1689
"12","KENNETH J TACK",1667,1674,1673,1679,NA,1684,1657,1657
"13","TORRANCE HENRY JR",1671,1682,1664,1664,1671,1644,1652,1652
"14","BRADLEY SHAW",1614,1617,1634,1625,1622,1608,1619,1619
"15","ZACHARY JAMES HOUGHTON",1232,1229,1256,1251,1268,1292,1314,1314
"16","MIKE NIKITIN",1594,1597,NA,1606,1588,1595,NA,1595
"17","RONALD GRZEGORCZYK",1635,1642,1623,1604,1610,1623,1608,1608
"18","DAVID SUNDEEN",1606,1614,1606,1615,1597,1606,1580,1580
"19","DIPANKAR ROY",1552,1560,1561,1559,1577,1567,1554,1554
"20","JASON ZHENG",1569,1574,1581,1589,1601,1583,1560,1560
"21","DINH DANG BUI",1568,1561,1569,1545,1553,1564,1553,1553
"22","EUGENE L MCCLURE",1558,1543,1525,1530,NA,1518,1527,1527
"23","ALAN BUI",1359,1372,1365,1367,1361,1364,1364,1364
"24","MICHAEL R ALDRICH",1224,1214,1233,1231,1237,1251,1275,1275
"25","LOREN SCHWIEBERT",1717,1721,1693,1695,1684,1656,1661,1661
"26","MAX ZHU",1584,1591,1609,1598,1574,1568,1558,1558
"27","GAURAV GIDWANI",1553,1542,1542,1543,1546,1536,NA,1536
"28","SOFIA ADINA STANESCU-BELLU",1512,1520,1538,1539,1526,1515,1508,1508
"29","CHIEDOZIE OKORIE",1603,1607,1583,1559,1560,1568,NA,1568
"30","GEORGE AVERY JONES",1491,1479,1453,1459,1445,1447,1450,1450
"31","RISHI SHETTY",1463,1452,1457,1437,1457,1460,1451,1451
"32","JOSHUA PHILIP MATHEWS",1443,1435,1442,1433,1436,1442,1435,1435
"33","JADE GE",1451,1444,1447,1443,1436,1411,1414,1414
"34","MICHAEL JEFFERY THOMAS",1394,1397,1368,1393,1405,1400,1402,1402
"35","JOSHUA DAVID LEE",1406,1391,1397,1392,1397,1383,1399,1399
"36","SIDDHARTH JHA",1350,1356,1360,1364,NA,1358,1364,1364
"37","AMIYATOSH PWNANANDAM",NA,979,1008,1007,NA,1003,1017,1017
"38","BRIAN LIU",1434,1450,1473,1465,NA,1455,1430,1430
"39","JOEL R HENDON",1432,1441,1453,1444,1450,1439,1414,1414
"40","FOREST ZHANG",1374,1366,1353,1355,1348,1356,1348,1348
"41","KYLE WILLIAM MURPHY",1404,1397,1399,1391,NA,NA,NA,1391
"42","JARED GE",1328,1302,1277,1266,1255,1267,1278,1278
"43","ROBERT GLEN VASEY",1278,1266,1248,1261,1264,1232,1246,1246
"44","JUSTIN D SCHILLING",NA,1196,1190,1214,1207,1192,1196,1196
"45","DEREK YAN",1239,1214,1204,1186,1201,1200,1205,1205
"46","JACOB ALEXANDER LAVALLEY",409,409,409,408,440,472,472,472
"47","ERIC WRIGHT",1356,1366,1358,1361,1356,1344,1341,1341
"48","DANIEL KHAIN",1376,1384,NA,1370,NA,1363,1350,1350
"49","MICHAEL J MARTIN",1286,1281,1276,1271,1275,NA,NA,1275
"50","SHIVAM JHA",1055,1082,1079,1080,NA,1077,1075,1075
"51","TEJAS AYYAGARI",1010,1035,1031,1050,1047,1059,1056,1056
"52","ETHAN GUO",966,981,980,993,992,1006,1003,1003
"53","JOSE C YBARRA",NA,1389,NA,1365,NA,1371,NA,1371
"54","LARRY HODGE",1266,1257,1230,NA,1214,1186,1201,1201
"55","ALEX KONG",1182,1193,1184,1180,NA,1183,1171,1171
"56","MARISA RICCI",NA,1152,1147,1167,NA,1159,1150,1150
"57","MICHAEL LU",1091,1085,1111,1091,1087,1082,NA,1082
"58","VIRAJ MOHILE",948,947,945,942,938,NA,933,933
"59","SEAN M MC CORMICK",852,NA,851,849,847,876,872,872
"60","JULIA SHEN",965,963,974,986,980,NA,NA,980
"61","JEZZEL FARKAS",953,951,979,976,988,987,971,971
"62","ASHWIN BALAJI",1534,NA,NA,NA,NA,NA,NA,1534
"63","THOMAS JOSEPH HOSMER",1172,1165,1171,1160,1148,NA,NA,1148
"64","BEN LI",1160,1172,1168,1173,1141,1133,1123,1123
