"","Pair","Player.Name","Total","Round","Round.1","Round.2","Round.3","Round.4","Round.5","Round.6","starting_elo","ending_elo"
"1","ON","15445895 / R: 1794   ->1817","N:2","W","B","W","B","W","B","W"," 1794   ","1817"
"2","MI","14598900 / R: 1553   ->1663","N:2","B","W","B","W","B","W","B"," 1553   ","1663"
"3","MI","14959604 / R: 1384   ->1640","N:2","W","B","W","B","W","B","W"," 1384   ","1640"
"4","MI","12616049 / R: 1716   ->1744","N:2","W","B","W","B","W","B","B"," 1716   ","1744"
"5","MI","14601533 / R: 1655   ->1690","N:2","B","W","B","W","B","W","B"," 1655   ","1690"
"6","OH","15055204 / R: 1686   ->1687","N:3","W","B","W","B","B","W","B"," 1686   ","1687"
"7","MI","11146376 / R: 1649   ->1673","N:3","W","B","W","B","B","W","W"," 1649   ","1673"
"8","MI","15142253 / R: 1641P17->1657P24","N:3","B","W","B","W","B","W","W"," 1641","1657"
"9","ON","14954524 / R: 1411   ->1564","N:2","W","B","W","B","W","B","B"," 1411   ","1564"
"10","MI","14150362 / R: 1365   ->1544","N:3","W","W","B","B","W","B","W"," 1365   ","1544"
"11","MI","12581589 / R: 1712   ->1696","N:3","B","W","B","W","B","W","B"," 1712   ","1696"
"12","MI","12681257 / R: 1663   ->1670","N:3","W","B","W","B","","W","B"," 1663   ","1670"
"13","MI","15082995 / R: 1666   ->1662","N:3","B","W","B","B","W","W","B"," 1666   ","1662"
"14","MI","10131499 / R: 1610   ->1618","N:3","W","B","W","W","B","B","W"," 1610   ","1618"
"15","MI","15619130 / R: 1220P13->1416P20","N:3","B","B","W","W","B","B","W"," 1220","1416"
"16","MI","10295068 / R: 1604   ->1613","N:3","B","W","","B","W","B",""," 1604   ","1613"
"17","MI","10297702 / R: 1629   ->1610","N:3","W","B","W","B","W","B","W"," 1629   ","1610"
"18","MI","11342094 / R: 1600   ->1600","N:3","B","W","B","W","B","W","B"," 1600   ","1600"
"19","MI","14862333 / R: 1564   ->1570","N:3","W","B","W","B","W","W","B"," 1564   ","1570"
"20","MI","14529060 / R: 1595   ->1569","N:4","W","B","W","B","W","B","W"," 1595   ","1569"
"21","ON","15495066 / R: 1563P22->1562","N:3","B","W","B","W","W","B","W"," 1563","1562"
"22","MI","12405534 / R: 1555   ->1529","N:4","W","B","W","B","","W","B"," 1555   ","1529"
"23","ON","15030142 / R: 1363   ->1371","","B","W","B","W","B","W","B"," 1363   ","1371"
"24","MI","13469010 / R: 1229   ->1300","N:4","B","W","B","B","W","W","B"," 1229   ","1300"
"25","MI","12486656 / R: 1745   ->1681","N:4","B","W","B","W","B","W","B"," 1745   ","1681"
"26","ON","15131520 / R: 1579   ->1564","N:4","B","W","B","W","B","W","W"," 1579   ","1564"
"27","MI","14476567 / R: 1552   ->1539","N:4","W","B","W","B","W","B",""," 1552   ","1539"
"28","MI","14882954 / R: 1507   ->1513","N:3","W","W","B","W","B","B","W"," 1507   ","1513"
"29","MI","15323285 / R: 1602P6 ->1508P12","N:4","B","W","B","W","W","B",""," 1602","1508"
"30","ON","12577178 / R: 1522   ->1444","","W","B","B","W","W","B","B"," 1522   ","1444"
"31","MI","15131618 / R: 1494   ->1444","","B","W","B","W","B","W","B"," 1494   ","1444"
"32","ON","14073750 / R: 1441   ->1433","N:4","W","B","W","B","W","B","W"," 1441   ","1433"
"33","MI","14691842 / R: 1449   ->1421","","B","W","B","W","B","W","B"," 1449   ","1421"
"34","MI","15051807 / R: 1399   ->1400","","B","W","B","B","W","B","W"," 1399   ","1400"
"35","MI","14601397 / R: 1438   ->1392","","W","W","B","W","B","B","W"," 1438   ","1392"
"36","MI","14773163 / R: 1355   ->1367","N:4","W","B","W","B","","W","B"," 1355   ","1367"
"37","MI","15489571 / R:  980P12->1077P17","","","B","W","W","","B","W","  980","1077"
"38","MI","15108523 / R: 1423   ->1439","N:4","W","B","W","W","","B","B"," 1423   ","1439"
"39","MI","12923035 / R: 1436P23->1413","N:4","B","W","B","W","B","W","W"," 1436","1413"
"40","MI","14892710 / R: 1348   ->1346","","B","B","W","W","B","W","W"," 1348   ","1346"
"41","MI","15761443 / R: 1403P5 ->1341P9","","B","W","B","W","","",""," 1403","1341"
"42","MI","14462326 / R: 1332   ->1256","","B","W","B","B","W","W","B"," 1332   ","1256"
"43","MI","14101068 / R: 1283   ->1244","","W","B","W","W","B","B","W"," 1283   ","1244"
"44","MI","15323504 / R: 1199   ->1199","","","W","B","B","W","B","W"," 1199   ","1199"
"45","MI","15372807 / R: 1242   ->1191","","W","B","W","B","W","B","W"," 1242   ","1191"
"46","MI","15490981 / R:  377P3 ->1076P10","","B","W","B","W","B","W","W","  377","1076"
"47","MI","12533115 / R: 1362   ->1341","","W","B","W","B","W","B","W"," 1362   ","1341"
"48","MI","14369165 / R: 1382   ->1335","","B","W","","B","","W","B"," 1382   ","1335"
"49","MI","12531685 / R: 1291P12->1259P17","","W","W","B","W","B","",""," 1291","1259"
"50","MI","14773178 / R: 1056   ->1111","","W","B","W","B","","B","W"," 1056   ","1111"
"51","MI","15205474 / R: 1011   ->1097","","B","W","B","W","B","W","W"," 1011   ","1097"
"52","MI","14918803 / R:  935   ->1092","N:4","B","W","B","W","B","W","B","  935   ","1092"
"53","MI","12578849 / R: 1393   ->1359","","","B","","W","","W",""," 1393   ","1359"
"54","MI","12836773 / R: 1270   ->1200","","B","B","W","","W","B","W"," 1270   ","1200"
"55","MI","15412571 / R: 1186   ->1163","","W","B","W","B","","W","B"," 1186   ","1163"
"56","MI","14679887 / R: 1153   ->1140","","","B","W","W","","B","W"," 1153   ","1140"
"57","MI","15113330 / R: 1092   ->1079","","B","W","W","B","W","B",""," 1092   ","1079"
"58","MI","14700365 / R:  917   -> 941","","W","B","W","B","W","","B","  917   "," 941"
"59","MI","12841036 / R:  853   -> 878","","W","","B","B","W","W","B","  853   "," 878"
"60","MI","14579262 / R:  967   -> 984","","W","B","B","W","B","","","  967   "," 984"
"61","ON","15771592 / R:  955P11-> 979P18","","B","W","B","W","B","W","B","  955"," 979"
"62","MI","15219542 / R: 1530   ->1535","","B","","","","","",""," 1530   ","1535"
"63","MI","15057092 / R: 1175   ->1125","","W","B","W","B","B","",""," 1175   ","1125"
"64","MI","15006561 / R: 1163   ->1112","","B","W","W","B","W","B","B"," 1163   ","1112"
