"","Pair","Player.Name","Total","Round","Round.1","Round.2","Round.3","Round.4","Round.5","Round.6","start_elo"
"1","1","GARY HUA","6.0","39","21","18","14","7","12","4",1794
"2","2","DAKSHESH DARURI","6.0","63","58","4","17","16","20","7",1553
"3","3","ADITYA BAJAJ","6.0","8","61","25","21","11","13","12",1384
"4","4","PATRICK H SCHILLING","5.5","23","28","2","26","5","19","1",1716
"5","5","HANSHI ZUO","5.5","45","37","12","13","4","14","17",1655
"6","6","HANSEN SONG","5.0","34","29","11","35","10","27","21",1686
"7","7","GARY DEE SWATHELL","5.0","57","46","13","11","1","9","2",1649
"8","8","EZEKIEL HOUGHTON","5.0","3","32","14","9","47","28","19",1641
"9","9","STEFANO LEE","5.0","25","18","59","8","26","7","20",1411
"10","10","ANVIT RAO","5.0","16","19","55","31","6","25","18",1365
"11","11","CAMERON WILLIAM MC LEMAN","4.5","38","56","6","7","3","34","26",1712
"12","12","KENNETH J TACK","4.5","42","33","5","38","","1","3",1663
"13","13","TORRANCE HENRY JR","4.5","36","27","7","5","33","3","32",1666
"14","14","BRADLEY SHAW","4.5","54","44","8","1","27","5","31",1610
"15","15","ZACHARY JAMES HOUGHTON","4.5","19","16","30","22","54","33","38",1220
"16","16","MIKE NIKITIN","4.0","10","15","","39","2","36","",1604
"17","17","RONALD GRZEGORCZYK","4.0","48","41","26","2","23","22","5",1629
"18","18","DAVID SUNDEEN","4.0","47","9","1","32","19","38","10",1600
"19","19","DIPANKAR ROY","4.0","15","10","52","28","18","4","8",1564
"20","20","JASON ZHENG","4.0","40","49","23","41","28","2","9",1595
"21","21","DINH DANG BUI","4.0","43","1","47","3","40","39","6",1563
"22","22","EUGENE L MCCLURE","4.0","64","52","28","15","","17","40",1555
"23","23","ALAN BUI","4.0","4","43","20","58","17","37","46",1363
"24","24","MICHAEL R ALDRICH","4.0","28","47","43","25","60","44","39",1229
"25","25","LOREN SCHWIEBERT","3.5","9","53","3","24","34","10","47",1745
"26","26","MAX ZHU","3.5","49","40","17","4","9","32","11",1579
"27","27","GAURAV GIDWANI","3.5","51","13","46","37","14","6","",1552
"28","28","SOFIA ADINA STANESCU-BELLU","3.5","24","4","22","19","20","8","36",1507
"29","29","CHIEDOZIE OKORIE","3.5","50","6","38","34","52","48","",1602
"30","30","GEORGE AVERY JONES","3.5","52","64","15","55","31","61","50",1522
"31","31","RISHI SHETTY","3.5","58","55","64","10","30","50","14",1494
"32","32","JOSHUA PHILIP MATHEWS","3.5","61","8","44","18","51","26","13",1441
"33","33","JADE GE","3.5","60","12","50","36","13","15","51",1449
"34","34","MICHAEL JEFFERY THOMAS","3.5","6","60","37","29","25","11","52",1399
"35","35","JOSHUA DAVID LEE","3.5","46","38","56","6","57","52","48",1438
"36","36","SIDDHARTH JHA","3.5","13","57","51","33","","16","28",1355
"37","37","AMIYATOSH PWNANANDAM","3.5","","5","34","27","","23","61",980
"38","38","BRIAN LIU","3.0","11","35","29","12","","18","15",1423
"39","39","JOEL R HENDON","3.0","1","54","40","16","44","21","24",1436
"40","40","FOREST ZHANG","3.0","20","26","39","59","21","56","22",1348
"41","41","KYLE WILLIAM MURPHY","3.0","59","17","58","20","","","",1403
"42","42","JARED GE","3.0","12","50","57","60","61","64","56",1332
"43","43","ROBERT GLEN VASEY","3.0","21","23","24","63","59","46","55",1283
"44","44","JUSTIN D SCHILLING","3.0","","14","32","53","39","24","59",1199
"45","45","DEREK YAN","3.0","5","51","60","56","63","55","58",1242
"46","46","JACOB ALEXANDER LAVALLEY","3.0","35","7","27","50","64","43","23",377
"47","47","ERIC WRIGHT","2.5","18","24","21","61","8","51","25",1362
"48","48","DANIEL KHAIN","2.5","17","63","","52","","29","35",1382
"49","49","MICHAEL J MARTIN","2.5","26","20","63","64","58","","",1291
"50","50","SHIVAM JHA","2.5","29","42","33","46","","31","30",1056
"51","51","TEJAS AYYAGARI","2.5","27","45","36","57","32","47","33",1011
"52","52","ETHAN GUO","2.5","30","22","19","48","29","35","34",935
"53","53","JOSE C YBARRA","2.0","","25","","44","","57","",1393
"54","54","LARRY HODGE","2.0","14","39","61","","15","59","64",1270
"55","55","ALEX KONG","2.0","62","31","10","30","","45","43",1186
"56","56","MARISA RICCI","2.0","","11","35","45","","40","42",1153
"57","57","MICHAEL LU","2.0","7","36","42","51","35","53","",1092
"58","58","VIRAJ MOHILE","2.0","31","2","41","23","49","","45",917
"59","59","SEAN M MC CORMICK","2.0","41","","9","40","43","54","44",853
"60","60","JULIA SHEN","1.5","33","34","45","42","24","","",967
"61","61","JEZZEL FARKAS","1.5","32","3","54","47","42","30","37",955
"62","62","ASHWIN BALAJI","1.0","55","","","","","","",1530
"63","63","THOMAS JOSEPH HOSMER","1.0","2","48","49","43","45","","",1175
"64","64","BEN LI","1.0","22","30","31","49","46","42","54",1163
