"","Player.Name","Round","Round.1","Round.2","Round.3","Round.4","Round.5","Round.6"
"1","GARY HUA",1,1,1,1,1,0.5,0.5
"2","DAKSHESH DARURI",1,1,0,1,1,1,1
"3","ADITYA BAJAJ",0,1,1,1,1,1,1
"4","PATRICK H SCHILLING",1,0.5,1,1,0.5,1,0.5
"5","HANSHI ZUO",1,1,0.5,0.5,0.5,1,1
"6","HANSEN SONG",1,0.5,0,1,0.5,1,1
"7","GARY DEE SWATHELL",1,1,1,1,0,1,0
"8","EZEKIEL HOUGHTON",1,1,0,0,1,1,1
"9","STEFANO LEE",1,0,1,1,1,0,1
"10","ANVIT RAO",0.5,0,1,1,0.5,1,1
"11","CAMERON WILLIAM MC LEMAN",0.5,1,1,0,0,1,1
"12","KENNETH J TACK",1,1,0.5,1,NA,0.5,0
"13","TORRANCE HENRY JR",1,1,0,0.5,1,0,1
"14","BRADLEY SHAW",1,1,1,0,0.5,0,1
"15","ZACHARY JAMES HOUGHTON",0.5,0,1,0,1,1,1
"16","MIKE NIKITIN",0.5,1,NA,1,0,1,NA
"17","RONALD GRZEGORCZYK",1,1,0,0,1,1,0
"18","DAVID SUNDEEN",1,1,0,1,0,1,0
"19","DIPANKAR ROY",0.5,1,1,0.5,1,0,0
"20","JASON ZHENG",0,1,1,1,1,0,0
"21","DINH DANG BUI",1,0,1,0,1,1,0
"22","EUGENE L MCCLURE",1,0.5,0,1,NA,0,1
"23","ALAN BUI",0,1,0,1,0,1,1
"24","MICHAEL R ALDRICH",0,0,1,0,1,1,1
"25","LOREN SCHWIEBERT",0,1,0,1,0.5,0,1
"26","MAX ZHU",1,1,1,0,0,0.5,0
"27","GAURAV GIDWANI",1,0,1,1,0.5,0,NA
"28","SOFIA ADINA STANESCU-BELLU",1,0.5,1,0.5,0,0,0.5
"29","CHIEDOZIE OKORIE",1,0.5,0,0,1,1,NA
"30","GEORGE AVERY JONES",0,0.5,0,1,0,1,1
"31","RISHI SHETTY",0,0.5,1,0,1,1,0
"32","JOSHUA PHILIP MATHEWS",1,0,1,0,1,0.5,0
"33","JADE GE",1,0,1,0.5,0,0,1
"34","MICHAEL JEFFERY THOMAS",0,1,0,1,0.5,0,1
"35","JOSHUA DAVID LEE",0,0,1,0,1,0.5,1
"36","SIDDHARTH JHA",0,1,1,0.5,NA,0,0.5
"37","AMIYATOSH PWNANANDAM",NA,0,1,0,NA,0,1
"38","BRIAN LIU",0.5,1,1,0,NA,0,0
"39","JOEL R HENDON",0,1,1,0,1,0,0
"40","FOREST ZHANG",1,0,0,1,0,1,0
"41","KYLE WILLIAM MURPHY",1,0,1,0,NA,NA,NA
"42","JARED GE",0,0,0,0.5,0.5,1,1
"43","ROBERT GLEN VASEY",0,0,0,1,1,0,1
"44","JUSTIN D SCHILLING",NA,0,0,1,0,0,1
"45","DEREK YAN",0,0,0.5,0,1,0.5,1
"46","JACOB ALEXANDER LAVALLEY",1,0,0,0,1,1,0
"47","ERIC WRIGHT",0,1,0,1,0,0.5,0
"48","DANIEL KHAIN",0,1,NA,0.5,NA,0,0
"49","MICHAEL J MARTIN",0,0,0.5,0.5,1,NA,NA
"50","SHIVAM JHA",0,1,0,1,NA,0,0
"51","TEJAS AYYAGARI",0,1,0,1,0,0.5,0
"52","ETHAN GUO",1,0.5,0,0.5,0,0.5,0
"53","JOSE C YBARRA",NA,0,NA,0,NA,1,NA
"54","LARRY HODGE",0,0,0,NA,0,0,1
"55","ALEX KONG",0,0.5,0,0,NA,0.5,0
"56","MARISA RICCI",NA,0,0,1,NA,0,0
"57","MICHAEL LU",0,0,1,0,0,0,NA
"58","VIRAJ MOHILE",1,0,0,0,0,NA,0
"59","SEAN M MC CORMICK",0,NA,0,0,0,1,0
"60","JULIA SHEN",0,0,0.5,0.5,0,NA,NA
"61","JEZZEL FARKAS",0,0,1,0,0.5,0,0
"62","ASHWIN BALAJI",1,NA,NA,NA,NA,NA,NA
"63","THOMAS JOSEPH HOSMER",0,0,0.5,0,0,NA,NA
"64","BEN LI",0,0.5,0,0.5,0,0,0
